DROP DATABASE IF EXISTS SupermarketDB;
CREATE DATABASE SupermarketDB;
USE SupermarketDB;

-- ===============================
-- 1. TABLES
-- ===============================
CREATE TABLE Customers (
    CustomerID INT PRIMARY KEY AUTO_INCREMENT,
    Name VARCHAR(100) NOT NULL,
    Phone VARCHAR(15) UNIQUE,
    Email VARCHAR(100),
    Address VARCHAR(255)
);

CREATE TABLE Products (
    ProductID INT PRIMARY KEY AUTO_INCREMENT,
    ProductName VARCHAR(100) NOT NULL,
    Category VARCHAR(50),
    Price DECIMAL(10,2) NOT NULL,
    Quantity INT NOT NULL CHECK (Quantity >= 0)
);

CREATE TABLE Employees (
    EmployeeID INT PRIMARY KEY AUTO_INCREMENT,
    Name VARCHAR(100) NOT NULL,
    Role VARCHAR(50),
    Salary DECIMAL(10,2),
    Phone VARCHAR(15) UNIQUE
);

CREATE TABLE Sales (
    SaleID INT PRIMARY KEY AUTO_INCREMENT,
    CustomerID INT,
    EmployeeID INT,
    SaleDate TIMESTAMP DEFAULT CURRENT_TIMESTAMP,
    TotalAmount DECIMAL(10,2),
    FOREIGN KEY (CustomerID) REFERENCES Customers(CustomerID),
    FOREIGN KEY (EmployeeID) REFERENCES Employees(EmployeeID)
);

CREATE TABLE SaleDetails (
    SaleDetailID INT PRIMARY KEY AUTO_INCREMENT,
    SaleID INT,
    ProductID INT,
    Quantity INT NOT NULL,
    Price DECIMAL(10,2) NOT NULL,
    FOREIGN KEY (SaleID) REFERENCES Sales(SaleID),
    FOREIGN KEY (ProductID) REFERENCES Products(ProductID)
);

-- ===============================
-- 2. TRIGGERS: inventory decrement & guard negative stock
-- ===============================
DELIMITER $$
CREATE TRIGGER trg_after_saledetails_insert
AFTER INSERT ON SaleDetails
FOR EACH ROW
BEGIN
    UPDATE Products
    SET Quantity = Quantity - NEW.Quantity
    WHERE ProductID = NEW.ProductID;
    
    IF (SELECT Quantity FROM Products WHERE ProductID = NEW.ProductID) < 0 THEN
        SIGNAL SQLSTATE '45000' SET MESSAGE_TEXT = 'Inventory cannot be negative';
    END IF;
END$$
DELIMITER ;

-- ===============================
-- 3. MASTER DATA
-- ===============================
-- Employees (20)
INSERT INTO Employees (Name, Role, Salary, Phone) VALUES
('Amit Patel', 'Cashier', 25000, '9001100001'),
('Neha Singh', 'Manager', 40000, '9001100002'),
('Ravi Kumar', 'Cashier', 26000, '9001100003'),
('Priya Verma', 'Supervisor', 32000, '9001100004'),
('Suman Roy', 'Stock Clerk', 22000, '9001100005'),
('Alok Das', 'Stock Clerk', 22000, '9001100006'),
('Deepa Nair', 'Cashier', 25500, '9001100007'),
('Kiran Gupta', 'Cashier', 24500, '9001100008'),
('Pooja Shah', 'Billing', 24000, '9001100009'),
('Manish Jain', 'Billing', 24500, '9001100010'),
('Anita Iyer', 'HR', 38000, '9001100011'),
('Vikas Mehta', 'Security', 20000, '9001100012'),
('Sunil Yadav', 'Security', 20000, '9001100013'),
('Meera Rao', 'Cleaner', 18000, '9001100014'),
('Kunal Joshi', 'Cleaner', 18000, '9001100015'),
('Harshita Gill', 'Cashier', 26000, '9001100016'),
('Tanya Kapoor', 'Supervisor', 33000, '9001100017'),
('Gagan Arora', 'Inventory', 30000, '9001100018'),
('Nisha Bhat', 'Inventory', 30000, '9001100019'),
('Rohit Khanna', 'Assistant Manager', 42000, '9001100020');

-- Products (120+) — each on its own line for readability
INSERT INTO Products (ProductName, Category, Price, Quantity) VALUES
('Milk 500ml', 'Dairy', 30.00, 120),
('Milk 1L', 'Dairy', 58.00, 150),
('Curd 500g', 'Dairy', 35.00, 110),
('Paneer 200g', 'Dairy', 85.00, 90),
('Cheese Slices 10pc', 'Dairy', 120.00, 60),
('Butter 100g', 'Dairy', 55.00, 80),
('Ghee 500ml', 'Dairy', 360.00, 40),
('Yogurt Cup', 'Dairy', 25.00, 140),
('Bread White', 'Bakery', 28.00, 100),
('Bread Brown', 'Bakery', 32.00, 100),
('Multigrain Bread', 'Bakery', 45.00, 70),
('Burger Buns 6pc', 'Bakery', 40.00, 60),
('Pav 12pc', 'Bakery', 35.00, 80),
('Rusk 200g', 'Bakery', 35.00, 90),
('Cake Slice', 'Bakery', 25.00, 120),
('Muffin Choco', 'Bakery', 30.00, 110),
('Basmati Rice 1kg', 'Grocery', 120.00, 200),
('Sona Masoori Rice 1kg', 'Grocery', 70.00, 220),
('Wheat Flour 1kg', 'Grocery', 45.00, 250),
('Maida 1kg', 'Grocery', 42.00, 180),
('Sooji 500g', 'Grocery', 32.00, 160),
('Poha 500g', 'Grocery', 36.00, 170),
('Sugar 1kg', 'Grocery', 48.00, 230),
('Jaggery 1kg', 'Grocery', 60.00, 130),
('Salt 1kg', 'Grocery', 20.00, 300),
('Tur Dal 1kg', 'Grocery', 130.00, 140),
('Moong Dal 1kg', 'Grocery', 120.00, 150),
('Chana Dal 1kg', 'Grocery', 90.00, 160),
('Rajma 1kg', 'Grocery', 110.00, 150),
('Chole 1kg', 'Grocery', 95.00, 150),
('Masoor Dal 1kg', 'Grocery', 85.00, 140),
('Cooking Oil 1L', 'Grocery', 120.00, 180),
('Mustard Oil 1L', 'Grocery', 140.00, 160),
('Olive Oil 1L', 'Grocery', 620.00, 40),
('Tea 500g', 'Beverages', 210.00, 120),
('Coffee 200g', 'Beverages', 320.00, 80),
('Green Tea 100g', 'Beverages', 180.00, 70),
('Soft Drink 750ml', 'Beverages', 40.00, 200),
('Soft Drink 2L', 'Beverages', 95.00, 120),
('Fruit Juice 1L', 'Beverages', 110.00, 130),
('Mineral Water 1L', 'Beverages', 20.00, 400),
('Mineral Water 2L', 'Beverages', 35.00, 300),
('Chips Classic 50g', 'Snacks', 20.00, 250),
('Chips Masala 50g', 'Snacks', 20.00, 250),
('Nachos 100g', 'Snacks', 50.00, 120),
('Popcorn 100g', 'Snacks', 35.00, 140),
('Biscuit Marie 200g', 'Snacks', 30.00, 220),
('Biscuit Cream 150g', 'Snacks', 35.00, 210),
('Chocolate Bar 40g', 'Confectionery', 25.00, 260),
('Dark Chocolate 100g', 'Confectionery', 120.00, 80),
('Toffee Pouch', 'Confectionery', 50.00, 150),
('Candy Sticks', 'Confectionery', 15.00, 180),
('Toothpaste 100g', 'Personal Care', 65.00, 160),
('Toothbrush Soft', 'Personal Care', 35.00, 180),
('Shampoo 180ml', 'Personal Care', 120.00, 140),
('Conditioner 180ml', 'Personal Care', 130.00, 120),
('Soap Classic', 'Personal Care', 40.00, 180),
('Soap Herbal', 'Personal Care', 45.00, 170),
('Face Wash 100ml', 'Personal Care', 150.00, 110),
('Body Lotion 200ml', 'Personal Care', 220.00, 90),
('Deodorant 150ml', 'Personal Care', 180.00, 100),
('Handwash 200ml', 'Personal Care', 80.00, 140),
('Sanitizer 100ml', 'Personal Care', 60.00, 160),
('Detergent 1kg', 'Home Care', 95.00, 200),
('Detergent Liquid 1L', 'Home Care', 180.00, 130),
('Dishwash Bar', 'Home Care', 25.00, 220),
('Dishwash Liquid 500ml', 'Home Care', 90.00, 150),
('Floor Cleaner 1L', 'Home Care', 160.00, 120),
('Glass Cleaner 500ml', 'Home Care', 110.00, 100),
('Toilet Cleaner 500ml', 'Home Care', 95.00, 130),
('Garbage Bags 30pc', 'Home Care', 120.00, 90),
('All-Purpose Cleaner', 'Home Care', 140.00, 110),
('Mop Stick', 'Home Care', 220.00, 60),
('Broom', 'Home Care', 90.00, 100),
('Almonds 500g', 'Dry Fruits', 420.00, 60),
('Cashews 500g', 'Dry Fruits', 480.00, 50),
('Raisins 500g', 'Dry Fruits', 260.00, 70),
('Pistachios 500g', 'Dry Fruits', 520.00, 40),
('Walnuts 500g', 'Dry Fruits', 560.00, 35),
('Dates 500g', 'Dry Fruits', 260.00, 70),
('Apples 1kg', 'Fruits & Veg', 140.00, 90),
('Bananas 1doz', 'Fruits & Veg', 55.00, 120),
('Oranges 1kg', 'Fruits & Veg', 100.00, 100),
('Grapes 500g', 'Fruits & Veg', 90.00, 110),
('Tomatoes 1kg', 'Fruits & Veg', 40.00, 180),
('Potatoes 1kg', 'Fruits & Veg', 35.00, 200),
('Onions 1kg', 'Fruits & Veg', 42.00, 190),
('Carrots 1kg', 'Fruits & Veg', 60.00, 150),
('Cucumber 1kg', 'Fruits & Veg', 45.00, 150),
('Capsicum 500g', 'Fruits & Veg', 50.00, 140),
('Coriander Bunch', 'Fruits & Veg', 12.00, 160),
('Mint Bunch', 'Fruits & Veg', 10.00, 160),
('Eggs 6pc', 'Poultry', 45.00, 140),
('Eggs 12pc', 'Poultry', 85.00, 140),
('Chicken 1kg', 'Poultry', 240.00, 70),
('Frozen Peas 500g', 'Frozen', 95.00, 100),
('Frozen Corn 500g', 'Frozen', 90.00, 100),
('Ice Cream Cup', 'Frozen', 30.00, 180),
('Ice Cream Family 1L', 'Frozen', 220.00, 80),
('Noodles 300g', 'Packaged', 60.00, 200),
('Pasta 500g', 'Packaged', 95.00, 160),
('Tomato Ketchup 1kg', 'Packaged', 150.00, 110),
('Mayonnaise 250g', 'Packaged', 120.00, 100),
('Vinegar 750ml', 'Packaged', 80.00, 100),
('Soya Sauce 750ml', 'Packaged', 110.00, 90),
('Chilli Sauce 750ml', 'Packaged', 115.00, 90),
('Spice Mix Garam 100g', 'Spices', 80.00, 120),
('Turmeric 200g', 'Spices', 60.00, 140),
('Red Chilli 200g', 'Spices', 70.00, 130),
('Coriander 200g', 'Spices', 65.00, 140),
('Cumin 200g', 'Spices', 90.00, 120),
('Black Pepper 100g', 'Spices', 110.00, 90),
('Cardamom 50g', 'Spices', 160.00, 60),
('Cloves 50g', 'Spices', 150.00, 60),
('Cinnamon 50g', 'Spices', 140.00, 60),
('Bay Leaf 50g', 'Spices', 45.00, 100),
('Oats 1kg', 'Breakfast', 180.00, 120),
('Cornflakes 1kg', 'Breakfast', 220.00, 100),
('Muesli 750g', 'Breakfast', 320.00, 80),
('Peanut Butter 340g', 'Breakfast', 180.00, 90),
('Jam Mixed Fruit 500g', 'Breakfast', 140.00, 100),
('Honey 500g', 'Breakfast', 240.00, 80),
('Energy Drink 250ml', 'Beverages', 90.00, 140),
('Sports Drink 500ml', 'Beverages', 120.00, 120),
('Instant Soup 60g', 'Packaged', 35.00, 160),
('Ready Roti 10pc', 'Packaged', 85.00, 90),
('Keto Bread', 'Bakery', 130.00, 40),
('Brown Sugar 1kg', 'Grocery', 85.00, 90),
('Coconut Water 200ml', 'Beverages', 45.00, 140),
('Tonic Water 300ml', 'Beverages', 55.00, 120),
('Tissue Box 100pulls', 'Home Care', 85.00, 130),
('Aluminum Foil 9m', 'Home Care', 120.00, 90),
('Cling Film 30m', 'Home Care', 110.00, 90),
('Matches 10box', 'Home Care', 40.00, 180),
('Lighter', 'Home Care', 60.00, 70),
('Trash Can Small', 'Home Care', 350.00, 30),
('Laundry Basket', 'Home Care', 480.00, 25);

-- Customers (150+) — diverse Indian cities
INSERT INTO Customers (Name, Phone, Email, Address) VALUES
('Rohit Sharma','9876500001','rohit1@gmail.com','Mumbai'),
('Virat Kohli','9876500002','virat2@gmail.com','Delhi'),
('MS Dhoni','9876500003','dhoni3@gmail.com','Ranchi'),
('Sachin Tendulkar','9876500004','sachin4@gmail.com','Mumbai'),
('Sourav Ganguly','9876500005','dada5@gmail.com','Kolkata'),
('Rahul Dravid','9876500006','wall6@gmail.com','Bengaluru'),
('Anil Kumble','9876500007','kumble7@gmail.com','Bengaluru'),
('Yuvraj Singh','9876500008','yuvi8@gmail.com','Chandigarh'),
('Harbhajan Singh','9876500009','bhajji9@gmail.com','Jalandhar'),
('Zaheer Khan','9876500010','zak10@gmail.com','Mumbai'),
('Suresh Raina','9876500011','raina11@gmail.com','Ghaziabad'),
('Shikhar Dhawan','9876500012','gabbar12@gmail.com','Delhi'),
('Jasprit Bumrah','9876500013','bumrah13@gmail.com','Ahmedabad'),
('Hardik Pandya','9876500014','hardik14@gmail.com','Vadodara'),
('KL Rahul','9876500015','kl15@gmail.com','Bengaluru'),
('R Ashwin','9876500016','ashwin16@gmail.com','Chennai'),
('Rishabh Pant','9876500017','pant17@gmail.com','Delhi'),
('Shreyas Iyer','9876500018','iyer18@gmail.com','Mumbai'),
('Prithvi Shaw','9876500019','shaw19@gmail.com','Mumbai'),
('Shubman Gill','9876500020','gill20@gmail.com','Mohali'),
('Ishan Kishan','9876500021','ishan21@gmail.com','Patna'),
('Deepak Chahar','9876500022','deepak22@gmail.com','Jaipur'),
('Bhuvneshwar Kumar','9876500023','bhuvi23@gmail.com','Meerut'),
('Mohammed Shami','9876500024','shami24@gmail.com','Amroha'),
('Ravindra Jadeja','9876500025','jaddu25@gmail.com','Rajkot'),
('Axar Patel','9876500026','axar26@gmail.com','Anand'),
('Sanju Samson','9876500027','sanju27@gmail.com','Kochi'),
('Suryakumar Yadav','9876500028','sky28@gmail.com','Mumbai'),
('Washington Sundar','9876500029','ws29@gmail.com','Chennai'),
('Shardul Thakur','9876500030','lord30@gmail.com','Palghar'),
('Ajinkya Rahane','9876500031','jinks31@gmail.com','Mumbai'),
('Cheteshwar Pujara','9876500032','pujara32@gmail.com','Rajkot'),
('Hanuma Vihari','9876500033','vihari33@gmail.com','Kakinada'),
('Umesh Yadav','9876500034','umesh34@gmail.com','Nagpur'),
('Irfan Pathan','9876500035','irfan35@gmail.com','Baroda'),
('Yusuf Pathan','9876500036','yusuf36@gmail.com','Baroda'),
('Parthiv Patel','9876500037','parthiv37@gmail.com','Ahmedabad'),
('Dinesh Karthik','9876500038','dk38@gmail.com','Chennai'),
('Ambati Rayudu','9876500039','rayudu39@gmail.com','Guntur'),
('Gautam Gambhir','9876500040','gg40@gmail.com','Delhi'),
('Ashish Nehra','9876500041','nehra41@gmail.com','Delhi'),
('Robin Uthappa','9876500042','robin42@gmail.com','Bengaluru'),
('Manoj Tiwary','9876500043','tiwary43@gmail.com','Kolkata'),
('Wriddhiman Saha','9876500044','saha44@gmail.com','Kolkata'),
('Ishant Sharma','9876500045','ishant45@gmail.com','Delhi'),
('Varun Aaron','9876500046','aaron46@gmail.com','Jamshedpur'),
('Murali Vijay','9876500047','vijay47@gmail.com','Chennai'),
('Sandeep Sharma','9876500048','sandeep48@gmail.com','Patiala'),
('Mayank Agarwal','9876500049','mayank49@gmail.com','Bengaluru'),
('Mohit Sharma','9876500050','mohit50@gmail.com','Ballabhgarh'),
('Wriddhi Rao','9876500051','wr51@gmail.com','Hyderabad'),
('Tejas Nair','9876500052','tn52@gmail.com','Kochi'),
('Karan Patel','9876500053','karan53@gmail.com','Surat'),
('Priyank Panchal','9876500054','pp54@gmail.com','Ahmedabad'),
('Arjun Tendulkar','9876500055','arjun55@gmail.com','Mumbai'),
('Sarfaraz Khan','9876500056','sk56@gmail.com','Mumbai'),
('Tilak Varma','9876500057','tv57@gmail.com','Hyderabad'),
('Rinku Singh','9876500058','rinku58@gmail.com','Aligarh'),
('Shivam Dube','9876500059','dube59@gmail.com','Mumbai'),
('Yashasvi Jaiswal','9876500060','yj60@gmail.com','Suriyawan'),
('Devdutt Padikkal','9876500061','dp61@gmail.com','Bengaluru'),
('Abhishek Sharma','9876500062','as62@gmail.com','Amritsar'),
('Rahul Tripathi','9876500063','rt63@gmail.com','Ranchi'),
('Nitish Rana','9876500064','nr64@gmail.com','Delhi'),
('Venkatesh Iyer','9876500065','vi65@gmail.com','Indore'),
('Harshal Patel','9876500066','hp66@gmail.com','Ahmedabad'),
('T Natarajan','9876500067','tn67@gmail.com','Salem'),
('Umran Malik','9876500068','um68@gmail.com','Srinagar'),
('Prasidh Krishna','9876500069','pk69@gmail.com','Bengaluru'),
('Kuldeep Yadav','9876500070','ky70@gmail.com','Kanpur'),
('Yuzvendra Chahal','9876500071','yc71@gmail.com','Jind'),
('Mohammed Siraj','9876500072','ms72@gmail.com','Hyderabad'),
('Arshdeep Singh','9876500073','as73@gmail.com','Gurdaspur'),
('Shahbaz Ahmed','9876500074','sa74@gmail.com','Mewat'),
('Sai Sudharsan','9876500075','ss75@gmail.com','Chennai'),
('Matheesha Pathirana','9876500076','mp76@gmail.com','Chennai'),
('Ruturaj Gaikwad','9876500077','rg77@gmail.com','Pune'),
('Tushar Deshpande','9876500078','td78@gmail.com','Mumbai'),
('Rajat Patidar','9876500079','rp79@gmail.com','Indore'),
('Shivam Mavi','9876500080','sm80@gmail.com','Noida'),
('Mukesh Kumar','9876500081','mk81@gmail.com','Gopalganj'),
('Anmolpreet Singh','9876500082','aps82@gmail.com','Patiala'),
('Saurabh Tiwary','9876500083','st83@gmail.com','Jamshedpur'),
('Manish Pandey','9876500084','mp84@gmail.com','Nainital'),
('Karun Nair','9876500085','kn85@gmail.com','Jodhpur'),
('Shreevats Goswami','9876500086','sg86@gmail.com','Kolkata'),
('Riyan Parag','9876500087','rp87@gmail.com','Guwahati'),
('Abdul Samad','9876500088','as88@gmail.com','Jammu'),
('Rahul Chahar','9876500089','rc89@gmail.com','Agra'),
('Krunal Pandya','9876500090','kp90@gmail.com','Vadodara'),
('Deepak Hooda','9876500091','dh91@gmail.com','Roorkee'),
('Ishan Porel','9876500092','ip92@gmail.com','Kolkata'),
('Shubham Gill','9876500093','sg93@gmail.com','Varanasi'),
('Prabhsimran Singh','9876500094','ps94@gmail.com','Patiala'),
('Ankit Rajpoot','9876500095','ar95@gmail.com','Kanpur'),
('Akshar Patel','9876500096','ap96@gmail.com','Anand'),
('Jaydev Unadkat','9876500097','ju97@gmail.com','Porbandar'),
('Rishi Dhawan','9876500098','rd98@gmail.com','Mandi'),
('Sandeep Lamichhane','9876500099','sl99@gmail.com','Delhi'),
('Tim David','9876500100','td100@gmail.com','Singapore'),
('Trent Boult','9876500101','tb101@gmail.com','Auckland'),
('Kane Williamson','9876500102','kw102@gmail.com','Hyderabad'),
('David Warner','9876500103','dw103@gmail.com','Delhi'),
('Pat Cummins','9876500104','pc104@gmail.com','Hyderabad'),
('Mitchell Marsh','9876500105','mm105@gmail.com','Delhi'),
('Ben Stokes','9876500106','bs106@gmail.com','Chennai'),
('Sam Curran','9876500107','sc107@gmail.com','Mohali'),
('Liam Livingstone','9876500108','ll108@gmail.com','Mohali'),
('Jofra Archer','9876500109','ja109@gmail.com','Mumbai'),
('Jos Buttler','9876500110','jb110@gmail.com','Jaipur'),
('Faf du Plessis','9876500111','fdp111@gmail.com','Bengaluru'),
('AB de Villiers','9876500112','ab112@gmail.com','Bengaluru'),
('Glenn Maxwell','9876500113','gm113@gmail.com','Bengaluru'),
('Chris Gayle','9876500114','cg114@gmail.com','Mohali'),
('Sunil Narine','9876500115','sn115@gmail.com','Kolkata'),
('Andre Russell','9876500116','ar116@gmail.com','Kolkata'),
('Kieron Pollard','9876500117','kp117@gmail.com','Mumbai'),
('Lasith Malinga','9876500118','lm118@gmail.com','Mumbai'),
('Shane Watson','9876500119','sw119@gmail.com','Chennai'),
('Michael Hussey','9876500120','mh120@gmail.com','Chennai');

-- ===============================
-- 4. TRANSACTIONS (Sales + Details)
-- We record 60 sales and 180 line items
-- ===============================
-- Sales (60)
INSERT INTO Sales (CustomerID, EmployeeID, TotalAmount) VALUES
(1, 1, 115.00),
(2, 2, 220.00),
(3, 3, 340.00),
(4, 4, 520.00),
(5, 5, 180.00),
(6, 6, 260.00),
(7, 7, 145.00),
(8, 8, 620.00),
(9, 9, 95.00),
(10, 10, 410.00),
(11, 11, 235.00),
(12, 12, 120.00),
(13, 13, 300.00),
(14, 14, 150.00),
(15, 15, 275.00),
(16, 16, 190.00),
(17, 17, 365.00),
(18, 18, 205.00),
(19, 19, 480.00),
(20, 20, 510.00),
(21, 1, 290.00),
(22, 2, 125.00),
(23, 3, 175.00),
(24, 4, 215.00),
(25, 5, 95.00),
(26, 6, 135.00),
(27, 7, 155.00),
(28, 8, 245.00),
(29, 9, 330.00),
(30, 10, 410.00),
(31, 11, 520.00),
(32, 12, 610.00),
(33, 13, 720.00),
(34, 14, 80.00),
(35, 15, 160.00),
(36, 16, 240.00),
(37, 17, 320.00),
(38, 18, 400.00),
(39, 19, 480.00),
(40, 20, 560.00),
(41, 1, 640.00),
(42, 2, 720.00),
(43, 3, 95.00),
(44, 4, 125.00),
(45, 5, 155.00),
(46, 6, 185.00),
(47, 7, 215.00),
(48, 8, 245.00),
(49, 9, 275.00),
(50, 10, 305.00),
(51, 11, 335.00),
(52, 12, 365.00),
(53, 13, 395.00),
(54, 14, 425.00),
(55, 15, 455.00),
(56, 16, 485.00),
(57, 17, 515.00),
(58, 18, 545.00),
(59, 19, 575.00),
(60, 20, 605.00);

-- Sale Details (180 rows; 3 per sale)
INSERT INTO SaleDetails (SaleID, ProductID, Quantity, Price) VALUES
(1, 1, 2, 30.00),
(1, 9, 1, 28.00),
(1, 56, 1, 40.00),
(2, 32, 1, 120.00),
(2, 23, 1, 48.00),
(2, 40, 1, 20.00),
(3, 17, 2, 120.00),
(3, 31, 1, 120.00),
(3, 49, 2, 25.00),
(4, 74, 1, 95.00),
(4, 75, 1, 90.00),
(4, 88, 1, 220.00),
(5, 57, 2, 45.00),
(5, 58, 2, 45.00),
(5, 53, 1, 65.00),
(6, 60, 1, 95.00),
(6, 61, 1, 180.00),
(6, 63, 2, 25.00),
(7, 47, 3, 35.00),
(7, 50, 2, 25.00),
(7, 96, 1, 60.00),
(8, 33, 1, 140.00),
(8, 34, 1, 620.00),
(8, 39, 2, 95.00),
(9, 41, 3, 20.00),
(9, 42, 2, 20.00),
(9, 45, 1, 35.00),
(10, 52, 1, 65.00),
(10, 55, 1, 150.00),
(10, 59, 1, 45.00),
(11, 64, 1, 180.00),
(11, 65, 1, 120.00),
(11, 66, 1, 60.00),
(12, 80, 1, 220.00),
(12, 79, 2, 30.00),
(12, 82, 1, 60.00),
(13, 17, 1, 120.00),
(13, 18, 2, 70.00),
(13, 19, 2, 45.00),
(14, 24, 1, 60.00),
(14, 25, 1, 20.00),
(14, 26, 1, 130.00),
(15, 27, 1, 120.00),
(15, 28, 1, 90.00),
(15, 29, 1, 110.00),
(16, 30, 1, 95.00),
(16, 31, 1, 120.00),
(16, 32, 1, 140.00),
(17, 33, 1, 140.00),
(17, 49, 4, 25.00),
(17, 50, 2, 25.00),
(18, 51, 2, 40.00),
(18, 52, 2, 65.00),
(18, 53, 1, 65.00),
(19, 54, 1, 45.00),
(19, 55, 1, 150.00),
(19, 56, 2, 40.00),
(20, 57, 2, 45.00),
(20, 58, 2, 45.00),
(20, 59, 1, 45.00),
(21, 60, 1, 95.00),
(21, 61, 1, 180.00),
(21, 62, 1, 25.00),
(22, 63, 2, 25.00),
(22, 64, 1, 180.00),
(22, 65, 1, 120.00),
(23, 66, 1, 60.00),
(23, 67, 1, 160.00),
(23, 68, 1, 150.00),
(24, 69, 1, 140.00),
(24, 70, 1, 45.00),
(24, 71, 1, 140.00),
(25, 72, 1, 110.00),
(25, 73, 1, 90.00),
(25, 74, 1, 95.00),
(26, 75, 1, 90.00),
(26, 76, 1, 30.00),
(26, 77, 1, 25.00),
(27, 78, 1, 220.00),
(27, 79, 2, 30.00),
(27, 80, 1, 220.00),
(28, 81, 1, 60.00),
(28, 82, 1, 60.00),
(28, 83, 1, 180.00),
(29, 84, 1, 120.00),
(29, 85, 1, 35.00),
(29, 86, 1, 85.00),
(30, 87, 1, 120.00),
(30, 88, 1, 220.00),
(30, 89, 1, 95.00),
(31, 90, 1, 160.00),
(31, 91, 1, 140.00),
(31, 92, 1, 100.00),
(32, 93, 1, 110.00),
(32, 94, 1, 90.00),
(32, 95, 1, 180.00),
(33, 96, 1, 60.00),
(33, 97, 1, 85.00),
(33, 98, 1, 110.00),
(34, 99, 1, 45.00),
(34, 100, 1, 55.00),
(34, 101, 1, 85.00),
(35, 102, 1, 120.00),
(35, 103, 1, 45.00),
(35, 104, 1, 110.00),
(36, 105, 1, 80.00),
(36, 106, 1, 180.00),
(36, 107, 1, 140.00),
(37, 108, 1, 320.00),
(37, 109, 1, 180.00),
(37, 110, 1, 140.00),
(38, 111, 1, 140.00),
(38, 112, 1, 100.00),
(38, 113, 1, 180.00),
(39, 114, 1, 90.00),
(39, 115, 1, 45.00),
(39, 116, 1, 110.00),
(40, 117, 1, 140.00),
(40, 118, 1, 100.00),
(40, 119, 1, 240.00),
(41, 120, 1, 80.00),
(41, 1, 1, 30.00),
(41, 2, 1, 58.00),
(42, 3, 1, 35.00),
(42, 4, 1, 85.00),
(42, 5, 1, 120.00),
(43, 6, 1, 55.00),
(43, 7, 1, 360.00),
(43, 8, 1, 25.00),
(44, 9, 1, 28.00),
(44, 10, 1, 32.00),
(44, 11, 1, 45.00),
(45, 12, 1, 40.00),
(45, 13, 1, 35.00),
(45, 14, 1, 35.00),
(46, 15, 1, 25.00),
(46, 16, 1, 30.00),
(46, 17, 1, 120.00),
(47, 18, 1, 70.00),
(47, 19, 1, 45.00),
(47, 20, 1, 42.00),
(48, 21, 1, 32.00),
(48, 22, 1, 36.00),
(48, 23, 1, 48.00),
(49, 24, 1, 60.00),
(49, 25, 1, 20.00),
(49, 26, 1, 130.00),
(50, 27, 1, 120.00),
(50, 28, 1, 90.00),
(50, 29, 1, 110.00),
(51, 30, 1, 95.00),
(51, 31, 1, 120.00),
(51, 32, 1, 140.00),
(52, 33, 1, 140.00),
(52, 34, 1, 620.00),
(52, 35, 1, 210.00),
(53, 36, 1, 320.00),
(53, 37, 1, 180.00),
(53, 38, 1, 40.00),
(54, 39, 1, 95.00),
(54, 40, 1, 20.00),
(54, 41, 1, 20.00),
(55, 42, 1, 20.00),
(55, 43, 1, 50.00),
(55, 44, 1, 35.00),
(56, 45, 1, 35.00),
(56, 46, 1, 50.00),
(56, 47, 1, 35.00),
(57, 48, 1, 35.00),
(57, 49, 1, 25.00),
(57, 50, 1, 25.00),
(58, 51, 1, 40.00),
(58, 52, 1, 65.00),
(58, 53, 1, 65.00),
(59, 54, 1, 45.00),
(59, 55, 1, 150.00),
(59, 56, 1, 40.00),
(60, 57, 1, 45.00),
(60, 58, 1, 45.00),
(60, 59, 1, 45.00);

-- ===============================
-- 5. REPORT QUERIES
-- ===============================
-- Show all products
SELECT * FROM Products;

-- Low stock (< 50)
SELECT ProductName, Quantity FROM Products WHERE Quantity < 50;

-- Show all customers
SELECT * FROM Customers;

-- Sales report with names
SELECT s.SaleID, c.Name AS Customer, e.Name AS Employee, s.SaleDate, s.TotalAmount
FROM Sales s
JOIN Customers c ON s.CustomerID = c.CustomerID
JOIN Employees e ON s.EmployeeID = e.EmployeeID
ORDER BY s.SaleID;

-- Bill for SaleID = 1
SELECT sd.SaleID, p.ProductName, sd.Quantity, sd.Price, (sd.Quantity * sd.Price) AS Subtotal
FROM SaleDetails sd
JOIN Products p ON sd.ProductID = p.ProductID
WHERE sd.SaleID = 1;

-- Daily sales
SELECT DATE(SaleDate) AS SaleDate, SUM(TotalAmount) AS DailySales
FROM Sales
GROUP BY DATE(SaleDate)
ORDER BY SaleDate;

-- Top selling products
SELECT p.ProductName, SUM(sd.Quantity) AS TotalSold
FROM SaleDetails sd
JOIN Products p ON sd.ProductID = p.ProductID
GROUP BY p.ProductName
ORDER BY TotalSold DESC;

-- Index suggestions
CREATE INDEX idx_products_category ON Products(Category);
CREATE INDEX idx_products_name ON Products(ProductName);
CREATE INDEX idx_sales_date ON Sales(SaleDate);
CREATE INDEX idx_saledetails_saleid ON SaleDetails(SaleID);
